[
{"id":"1","division_id":"1","name":"Comilla","lat":"23.4682747","lon":"91.1788135","url":"www.comilla.gov.bd"},
{"id":"2","division_id":"1","name":"Feni","lat":"23.023231","lon":"91.3840844","url":"www.feni.gov.bd"},
{"id":"3","division_id":"1","name":"Brahmanbaria","lat":"23.9570904","lon":"91.1119286","url":"www.brahmanbaria.gov.bd"},
{"id":"4","division_id":"1","name":"Rangamati","lat":null,"lon":null,"url":"www.rangamati.gov.bd"},
{"id":"5","division_id":"1","name":"Noakhali","lat":"22.869563","lon":"91.099398","url":"www.noakhali.gov.bd"},
{"id":"6","division_id":"1","name":"Chandpur","lat":"23.2332585","lon":"90.6712912","url":"www.chandpur.gov.bd"},
{"id":"7","division_id":"1","name":"Lakshmipur","lat":"22.942477","lon":"90.841184","url":"www.lakshmipur.gov.bd"},
{"id":"8","division_id":"1","name":"Chattogram","lat":"22.335109","lon":"91.834073","url":"www.chittagong.gov.bd"},
{"id":"9","division_id":"1","name":"Coxsbazar","lat":null,"lon":null,"url":"www.coxsbazar.gov.bd"},
{"id":"10","division_id":"1","name":"Khagrachhari","lat":"23.119285","lon":"91.984663","url":"www.khagrachhari.gov.bd"},
{"id":"11","division_id":"1","name":"Bandarban","lat":"22.1953275","lon":"92.2183773","url":"www.bandarban.gov.bd"},
{"id":"12","division_id":"2","name":"Sirajganj","lat":"24.4533978","lon":"89.7006815","url":"www.sirajganj.gov.bd"},
{"id":"13","division_id":"2","name":"Pabna","lat":"23.998524","lon":"89.233645","url":"www.pabna.gov.bd"},
{"id":"14","division_id":"2","name":"Bogura","lat":"24.8465228","lon":"89.377755","url":"www.bogra.gov.bd"},
{"id":"15","division_id":"2","name":"Rajshahi","lat":null,"lon":null,"url":"www.rajshahi.gov.bd"},
{"id":"16","division_id":"2","name":"Natore","lat":"24.420556","lon":"89.000282","url":"www.natore.gov.bd"},
{"id":"17","division_id":"2","name":"Joypurhat","lat":null,"lon":null,"url":"www.joypurhat.gov.bd"},
{"id":"18","division_id":"2","name":"Chapainawabganj","lat":"24.5965034","lon":"88.2775122","url":"www.chapainawabganj.gov.bd"},
{"id":"19","division_id":"2","name":"Naogaon","lat":null,"lon":null,"url":"www.naogaon.gov.bd"},
{"id":"20","division_id":"3","name":"Jashore","lat":"23.16643","lon":"89.2081126","url":"www.jessore.gov.bd"},
{"id":"21","division_id":"3","name":"Satkhira","lat":null,"lon":null,"url":"www.satkhira.gov.bd"},
{"id":"22","division_id":"3","name":"Meherpur","lat":"23.762213","lon":"88.631821","url":"www.meherpur.gov.bd"},
{"id":"23","division_id":"3","name":"Narail","lat":"23.172534","lon":"89.512672","url":"www.narail.gov.bd"},
{"id":"24","division_id":"3","name":"Chuadanga","lat":"23.6401961","lon":"88.841841","url":"www.chuadanga.gov.bd"},
{"id":"25","division_id":"3","name":"Kushtia","lat":"23.901258","lon":"89.120482","url":"www.kushtia.gov.bd"},
{"id":"26","division_id":"3","name":"Magura","lat":"23.487337","lon":"89.419956","url":"www.magura.gov.bd"},
{"id":"27","division_id":"3","name":"Khulna","lat":"22.815774","lon":"89.568679","url":"www.khulna.gov.bd"},
{"id":"28","division_id":"3","name":"Bagerhat","lat":"22.651568","lon":"89.785938","url":"www.bagerhat.gov.bd"},
{"id":"29","division_id":"3","name":"Jhenaidah","lat":"23.5448176","lon":"89.1539213","url":"www.jhenaidah.gov.bd"},
{"id":"30","division_id":"4","name":"Jhalakathi","lat":null,"lon":null,"url":"www.jhalakathi.gov.bd"},
{"id":"31","division_id":"4","name":"Patuakhali","lat":"22.3596316","lon":"90.3298712","url":"www.patuakhali.gov.bd"},
{"id":"32","division_id":"4","name":"Pirojpur","lat":null,"lon":null,"url":"www.pirojpur.gov.bd"},
{"id":"33","division_id":"4","name":"Barisal","lat":null,"lon":null,"url":"www.barisal.gov.bd"},
{"id":"34","division_id":"4","name":"Bhola","lat":"22.685923","lon":"90.648179","url":"www.bhola.gov.bd"},
{"id":"35","division_id":"4","name":"Barguna","lat":null,"lon":null,"url":"www.barguna.gov.bd"},
{"id":"36","division_id":"5","name":"Sylhet","lat":"24.8897956","lon":"91.8697894","url":"www.sylhet.gov.bd"},
{"id":"37","division_id":"5","name":"Moulvibazar","lat":"24.482934","lon":"91.777417","url":"www.moulvibazar.gov.bd"},
{"id":"38","division_id":"5","name":"Habiganj","lat":"24.374945","lon":"91.41553","url":"www.habiganj.gov.bd"},
{"id":"39","division_id":"5","name":"Sunamganj","lat":"25.0658042","lon":"91.3950115","url":"www.sunamganj.gov.bd"},
{"id":"40","division_id":"6","name":"Narsingdi","lat":"23.932233","lon":"90.71541","url":"www.narsingdi.gov.bd"},
{"id":"41","division_id":"6","name":"Gazipur","lat":"24.0022858","lon":"90.4264283","url":"www.gazipur.gov.bd"},
{"id":"42","division_id":"6","name":"Shariatpur","lat":null,"lon":null,"url":"www.shariatpur.gov.bd"},
{"id":"43","division_id":"6","name":"Narayanganj","lat":"23.63366","lon":"90.496482","url":"www.narayanganj.gov.bd"},
{"id":"44","division_id":"6","name":"Tangail","lat":null,"lon":null,"url":"www.tangail.gov.bd"},
{"id":"45","division_id":"6","name":"Kishoreganj","lat":"24.444937","lon":"90.776575","url":"www.kishoreganj.gov.bd"},
{"id":"46","division_id":"6","name":"Manikganj","lat":null,"lon":null,"url":"www.manikganj.gov.bd"},
{"id":"47","division_id":"6","name":"Dhaka","lat":"23.7115253","lon":"90.4111451","url":"www.dhaka.gov.bd"},
{"id":"48","division_id":"6","name":"Munshiganj","lat":null,"lon":null,"url":"www.munshiganj.gov.bd"},
{"id":"49","division_id":"6","name":"Rajbari","lat":"23.7574305","lon":"89.6444665","url":"www.rajbari.gov.bd"},
{"id":"50","division_id":"6","name":"Madaripur","lat":"23.164102","lon":"90.1896805","url":"www.madaripur.gov.bd"},
{"id":"51","division_id":"6","name":"Gopalganj","lat":"23.0050857","lon":"89.8266059","url":"www.gopalganj.gov.bd"},
{"id":"52","division_id":"6","name":"Faridpur","lat":"23.6070822","lon":"89.8429406","url":"www.faridpur.gov.bd"},
{"id":"53","division_id":"7","name":"Panchagarh","lat":"26.3411","lon":"88.5541606","url":"www.panchagarh.gov.bd"},
{"id":"54","division_id":"7","name":"Dinajpur","lat":"25.6217061","lon":"88.6354504","url":"www.dinajpur.gov.bd"},
{"id":"55","division_id":"7","name":"Lalmonirhat","lat":null,"lon":null,"url":"www.lalmonirhat.gov.bd"},
{"id":"56","division_id":"7","name":"Nilphamari","lat":"25.931794","lon":"88.856006","url":"www.nilphamari.gov.bd"},
{"id":"57","division_id":"7","name":"Gaibandha","lat":"25.328751","lon":"89.528088","url":"www.gaibandha.gov.bd"},
{"id":"58","division_id":"7","name":"Thakurgaon","lat":"26.0336945","lon":"88.4616834","url":"www.thakurgaon.gov.bd"},
{"id":"59","division_id":"7","name":"Rangpur","lat":"25.7558096","lon":"89.244462","url":"www.rangpur.gov.bd"},
{"id":"60","division_id":"7","name":"Kurigram","lat":"25.805445","lon":"89.636174","url":"www.kurigram.gov.bd"},
{"id":"61","division_id":"8","name":"Sherpur","lat":"25.0204933","lon":"90.0152966","url":"www.sherpur.gov.bd"},
{"id":"62","division_id":"8","name":"Mymensingh","lat":null,"lon":null,"url":"www.mymensingh.gov.bd"},
{"id":"63","division_id":"8","name":"Jamalpur","lat":"24.937533","lon":"89.937775","url":"www.jamalpur.gov.bd"},
{"id":"64","division_id":"8","name":"Netrokona","lat":"24.870955","lon":"90.727887","url":"www.netrokona.gov.bd"}
]